model,acc_mean,acc_std,f1_mean,f1_std
xgboost,0.871875,0.018221724671391562,0.7879271004221352,0.03825570103827287
hgb,0.859375,0.013975424859373685,0.7771525862439467,0.03905833614092934
rf,0.734375,0.040745015032516554,0.5103009864813476,0.041181285815466165
